<?xml version="1.0" encoding="UTF-8" standalone="yes"?>
<scheme>
    <name>ArgGraph_</name>
    <visElements>
        <visState>opened</visState>
        <visKind>graph</visKind>
    </visElements>
    <visElements>
        <visState>hidden</visState>
        <visKind>timeline</visKind>
    </visElements>
    <spanTypes>
        <name>Judge</name>
    </spanTypes>
    <spanTypes>
        <name>PM</name>
    </spanTypes>
    <spanTypes>
        <name>LO</name>
    </spanTypes>
    <labelSets>
        <name>Components</name>
        <exclusive>false</exclusive>
        <appliesToSpanTypes>
            <name>PM</name>
        </appliesToSpanTypes>
        <appliesToSpanTypes>
            <name>LO</name>
        </appliesToSpanTypes>
        <labels>
            <name>MC</name>
        </labels>
        <labels>
            <name>C</name>
        </labels>
        <labels>
            <name>P</name>
        </labels>
        <labelMenuStyle>list</labelMenuStyle>
    </labelSets>
    <linkTypes>
        <name>Link_1</name>
        <startSpanType>
            <name>LO</name>
        </startSpanType>
        <endSpanType>
            <name>PM</name>
        </endSpanType>
        <allowUnlabeledLinks>false</allowUnlabeledLinks>
        <undirected>false</undirected>
        <linkLabels>
            <name>rebuttal</name>
        </linkLabels>
        <linkLabels>
            <name>undercut</name>
        </linkLabels>
        <linkLabels>
            <name>support</name>
        </linkLabels>
        <linkLabels>
            <name>warrant</name>
        </linkLabels>
        <linkLabelMenuStyle>list</linkLabelMenuStyle>
    </linkTypes>
    <linkTypes>
        <name>Link_2</name>
        <startSpanType>
            <name>LO</name>
        </startSpanType>
        <endSpanType>
            <name>LO</name>
        </endSpanType>
        <allowUnlabeledLinks>false</allowUnlabeledLinks>
        <undirected>false</undirected>
        <linkLabels>
            <name>support</name>
        </linkLabels>
        <linkLabels>
            <name>warrant</name>
        </linkLabels>
        <linkLabels>
            <name>undercut</name>
        </linkLabels>
        <linkLabels>
            <name>rebuttal</name>
        </linkLabels>
        <linkLabelMenuStyle>list</linkLabelMenuStyle>
    </linkTypes>
    <linkTypes>
        <name>FeedBack</name>
        <startSpanType>
            <name>Judge</name>
        </startSpanType>
        <endSpanType>
            <name>LO</name>
        </endSpanType>
        <allowUnlabeledLinks>false</allowUnlabeledLinks>
        <undirected>false</undirected>
        <linkLabels>
            <name>BP-edge</name>
        </linkLabels>
        <linkLabels>
            <name>GP-edge</name>
        </linkLabels>
        <linkLabels>
            <name>BP</name>
        </linkLabels>
        <linkLabels>
            <name>GP</name>
        </linkLabels>
        <linkLabelMenuStyle>list</linkLabelMenuStyle>
    </linkTypes>
</scheme>
