<?xml version="1.0" encoding="UTF-8" standalone="yes"?>
<document>
    <annotations>
        <annotation>
            <id>215</id>
            <start>742</start>
            <end>805</end>
            <spanType>PM</spanType>
        </annotation>
        <annotation>
            <id>216</id>
            <start>1460</start>
            <end>1496</end>
            <spanType>Judge</spanType>
        </annotation>
        <annotation>
            <id>217</id>
            <start>1503</start>
            <end>1539</end>
            <spanType>Judge</spanType>
        </annotation>
        <annotation>
            <id>208</id>
            <start>1130</start>
            <end>1205</end>
            <spanType>LO</spanType>
        </annotation>
        <annotation>
            <id>209</id>
            <start>1220</start>
            <end>1251</end>
            <spanType>LO</spanType>
        </annotation>
        <annotation>
            <id>212</id>
            <start>1374</start>
            <end>1412</end>
            <spanType>LO</spanType>
        </annotation>
        <annotation>
            <id>210</id>
            <start>1256</start>
            <end>1304</end>
            <spanType>LO</spanType>
        </annotation>
        <annotation>
            <id>213</id>
            <start>1424</start>
            <end>1457</end>
            <spanType>LO</spanType>
        </annotation>
        <annotation>
            <id>211</id>
            <start>1306</start>
            <end>1356</end>
            <spanType>LO</spanType>
        </annotation>
        <annotation>
            <id>207</id>
            <start>234</start>
            <end>296</end>
            <spanType>PM</spanType>
        </annotation>
        <annotation>
            <id>206</id>
            <start>1059</start>
            <end>1128</end>
            <spanType>LO</spanType>
        </annotation>
        <annotation>
            <id>205</id>
            <start>981</start>
            <end>1054</end>
            <spanType>LO</spanType>
        </annotation>
    </annotations>
    <links>
        <link>
            <from>206</from>
            <to>207</to>
            <labels labelSetName="Link_1">
                <label>undercut</label>
            </labels>
        </link>
        <link>
            <from>210</from>
            <to>211</to>
            <labels labelSetName="Link_2">
                <label>support</label>
            </labels>
        </link>
        <link>
            <from>206</from>
            <to>213</to>
            <labels labelSetName="Link_2">
                <label>support</label>
            </labels>
        </link>
        <link>
            <from>212</from>
            <to>215</to>
            <labels labelSetName="Link_1">
                <label>rebuttal</label>
            </labels>
        </link>
        <link>
            <from>209</from>
            <to>210</to>
            <labels labelSetName="Link_2">
                <label>support</label>
            </labels>
        </link>
        <link>
            <from>216</from>
            <to>211</to>
            <labels labelSetName="FeedBack">
                <label>GP-edge</label>
            </labels>
        </link>
        <link>
            <from>208</from>
            <to>212</to>
            <labels labelSetName="Link_2">
                <label>support</label>
            </labels>
        </link>
        <link>
            <from>205</from>
            <to>206</to>
            <labels labelSetName="Link_2">
                <label>support</label>
            </labels>
        </link>
        <link>
            <from>217</from>
            <to>208</to>
            <labels labelSetName="FeedBack">
                <label>BP</label>
            </labels>
        </link>
        <link>
            <from>212</from>
            <to>213</to>
            <labels labelSetName="Link_2">
                <label>support</label>
            </labels>
        </link>
        <link>
            <from>211</from>
            <to>212</to>
            <labels labelSetName="Link_2">
                <label>support</label>
            </labels>
        </link>
    </links>
</document>
