<?xml version="1.0" encoding="UTF-8" standalone="yes"?>
<document>
    <annotations>
        <annotation>
            <id>142</id>
            <start>1340</start>
            <end>1435</end>
            <spanType>LO</spanType>
        </annotation>
        <annotation>
            <id>203</id>
            <start>1744</start>
            <end>1772</end>
            <spanType>Judge</spanType>
        </annotation>
        <annotation>
            <id>144</id>
            <start>1497</start>
            <end>1540</end>
            <spanType>LO</spanType>
        </annotation>
        <annotation>
            <id>145</id>
            <start>1546</start>
            <end>1666</end>
            <spanType>LO</spanType>
        </annotation>
        <annotation>
            <id>146</id>
            <start>311</start>
            <end>407</end>
            <spanType>PM</spanType>
        </annotation>
        <annotation>
            <id>147</id>
            <start>1679</start>
            <end>1741</end>
            <spanType>LO</spanType>
        </annotation>
        <annotation>
            <id>204</id>
            <start>1774</start>
            <end>1817</end>
            <spanType>Judge</spanType>
        </annotation>
        <annotation>
            <id>136</id>
            <start>1170</start>
            <end>1206</end>
            <spanType>LO</spanType>
        </annotation>
        <annotation>
            <id>137</id>
            <start>1100</start>
            <end>1123</end>
            <spanType>LO</spanType>
        </annotation>
        <annotation>
            <id>140</id>
            <start>1219</start>
            <end>1268</end>
            <spanType>LO</spanType>
        </annotation>
        <annotation>
            <id>133</id>
            <start>957</start>
            <end>1084</end>
            <spanType>LO</spanType>
        </annotation>
        <annotation>
            <id>139</id>
            <start>234</start>
            <end>296</end>
            <spanType>PM</spanType>
        </annotation>
        <annotation>
            <id>143</id>
            <start>1443</start>
            <end>1495</end>
            <spanType>LO</spanType>
        </annotation>
        <annotation>
            <id>141</id>
            <start>1279</start>
            <end>1338</end>
            <spanType>LO</spanType>
        </annotation>
        <annotation>
            <id>138</id>
            <start>1125</start>
            <end>1162</end>
            <spanType>LO</spanType>
        </annotation>
    </annotations>
    <links>
        <link>
            <from>204</from>
            <to>145</to>
            <labels labelSetName="FeedBack">
                <label>BP</label>
            </labels>
        </link>
        <link>
            <from>133</from>
            <to>139</to>
            <labels labelSetName="Link_1">
                <label>undercut</label>
            </labels>
        </link>
        <link>
            <from>142</from>
            <to>141</to>
            <labels labelSetName="Link_2">
                <label>support</label>
            </labels>
        </link>
        <link>
            <from>140</from>
            <to>136</to>
            <labels labelSetName="Link_2">
                <label>rebuttal</label>
            </labels>
        </link>
        <link>
            <from>136</from>
            <to>143</to>
            <labels labelSetName="Link_2">
                <label>support</label>
            </labels>
        </link>
        <link>
            <from>133</from>
            <to>136</to>
            <labels labelSetName="Link_2">
                <label>support</label>
            </labels>
        </link>
        <link>
            <from>141</from>
            <to>140</to>
            <labels labelSetName="Link_2">
                <label>undercut</label>
            </labels>
        </link>
        <link>
            <from>144</from>
            <to>143</to>
            <labels labelSetName="Link_2">
                <label>rebuttal</label>
            </labels>
        </link>
        <link>
            <from>203</from>
            <to>137</to>
            <labels labelSetName="FeedBack">
                <label>GP-edge</label>
            </labels>
        </link>
        <link>
            <from>145</from>
            <to>144</to>
            <labels labelSetName="Link_2">
                <label>rebuttal</label>
            </labels>
        </link>
        <link>
            <from>138</from>
            <to>136</to>
            <labels labelSetName="Link_2">
                <label>support</label>
            </labels>
        </link>
        <link>
            <from>137</from>
            <to>136</to>
            <labels labelSetName="Link_2">
                <label>support</label>
            </labels>
        </link>
        <link>
            <from>143</from>
            <to>147</to>
            <labels labelSetName="Link_2">
                <label>support</label>
            </labels>
        </link>
        <link>
            <from>145</from>
            <to>146</to>
            <labels labelSetName="Link_1">
                <label>undercut</label>
            </labels>
        </link>
    </links>
</document>
