<?xml version="1.0" encoding="UTF-8" standalone="yes"?>
<document>
    <annotations>
        <annotation>
            <id>243</id>
            <start>1109</start>
            <end>1171</end>
            <spanType>LO</spanType>
        </annotation>
        <annotation>
            <id>248</id>
            <start>1342</start>
            <end>1369</end>
            <spanType>LO</spanType>
        </annotation>
        <annotation>
            <id>245</id>
            <start>311</start>
            <end>407</end>
            <spanType>PM</spanType>
        </annotation>
        <annotation>
            <id>247</id>
            <start>1277</start>
            <end>1340</end>
            <spanType>LO</spanType>
        </annotation>
        <annotation>
            <id>242</id>
            <start>1053</start>
            <end>1107</end>
            <spanType>LO</spanType>
        </annotation>
        <annotation>
            <id>252</id>
            <start>1484</start>
            <end>1518</end>
            <spanType>Judge</spanType>
        </annotation>
        <annotation>
            <id>253</id>
            <start>1520</start>
            <end>1591</end>
            <spanType>Judge</spanType>
        </annotation>
        <annotation>
            <id>246</id>
            <start>1227</start>
            <end>1275</end>
            <spanType>LO</spanType>
        </annotation>
        <annotation>
            <id>250</id>
            <start>1438</start>
            <end>1481</end>
            <spanType>LO</spanType>
        </annotation>
        <annotation>
            <id>249</id>
            <start>1374</start>
            <end>1436</end>
            <spanType>LO</spanType>
        </annotation>
        <annotation>
            <id>244</id>
            <start>1173</start>
            <end>1225</end>
            <spanType>LO</spanType>
        </annotation>
    </annotations>
    <links>
        <link>
            <from>247</from>
            <to>250</to>
            <labels labelSetName="Link_2">
                <label>support</label>
            </labels>
        </link>
        <link>
            <from>249</from>
            <to>250</to>
            <labels labelSetName="Link_2">
                <label>support</label>
            </labels>
        </link>
        <link>
            <from>248</from>
            <to>249</to>
            <labels labelSetName="Link_2">
                <label>support</label>
            </labels>
        </link>
        <link>
            <from>252</from>
            <to>250</to>
            <labels labelSetName="FeedBack">
                <label>GP</label>
            </labels>
        </link>
        <link>
            <from>244</from>
            <to>242</to>
            <labels labelSetName="Link_2">
                <label>support</label>
            </labels>
        </link>
        <link>
            <from>253</from>
            <to>242</to>
            <labels labelSetName="FeedBack">
                <label>BP</label>
            </labels>
        </link>
        <link>
            <from>242</from>
            <to>245</to>
            <labels labelSetName="Link_1">
                <label>undercut</label>
            </labels>
        </link>
        <link>
            <from>246</from>
            <to>244</to>
            <labels labelSetName="Link_2">
                <label>support</label>
            </labels>
        </link>
    </links>
</document>
