<?xml version="1.0" encoding="UTF-8" standalone="yes"?>
<document>
    <annotations>
        <annotation>
            <id>202</id>
            <start>234</start>
            <end>296</end>
            <spanType>PM</spanType>
        </annotation>
        <annotation>
            <id>197</id>
            <start>985</start>
            <end>1066</end>
            <spanType>LO</spanType>
        </annotation>
        <annotation>
            <id>198</id>
            <start>1068</start>
            <end>1134</end>
            <spanType>LO</spanType>
        </annotation>
        <annotation>
            <id>200</id>
            <start>1212</start>
            <end>1285</end>
            <spanType>LO</spanType>
        </annotation>
        <annotation>
            <id>195</id>
            <start>1361</start>
            <end>1396</end>
            <spanType>Judge</spanType>
        </annotation>
        <annotation>
            <id>199</id>
            <start>1136</start>
            <end>1205</end>
            <spanType>LO</spanType>
        </annotation>
        <annotation>
            <id>196</id>
            <start>1398</start>
            <end>1419</end>
            <spanType>Judge</spanType>
        </annotation>
        <annotation>
            <id>201</id>
            <start>1287</start>
            <end>1358</end>
            <spanType>LO</spanType>
        </annotation>
    </annotations>
    <links>
        <link>
            <from>201</from>
            <to>202</to>
            <labels labelSetName="Link_1">
                <label>undercut</label>
            </labels>
        </link>
        <link>
            <from>197</from>
            <to>202</to>
            <labels labelSetName="Link_1">
                <label>undercut</label>
            </labels>
        </link>
        <link>
            <from>196</from>
            <to>198</to>
            <labels labelSetName="FeedBack">
                <label>BP</label>
            </labels>
        </link>
        <link>
            <from>200</from>
            <to>201</to>
            <labels labelSetName="Link_2">
                <label>support</label>
            </labels>
        </link>
        <link>
            <from>195</from>
            <to>200</to>
            <labels labelSetName="FeedBack">
                <label>BP</label>
            </labels>
        </link>
        <link>
            <from>198</from>
            <to>197</to>
            <labels labelSetName="Link_2">
                <label>support</label>
            </labels>
        </link>
        <link>
            <from>199</from>
            <to>197</to>
            <labels labelSetName="Link_2">
                <label>support</label>
            </labels>
        </link>
    </links>
</document>
