<?xml version="1.0" encoding="UTF-8" standalone="yes"?>
<document>
    <annotations>
        <annotation>
            <id>171</id>
            <start>1525</start>
            <end>1568</end>
            <spanType>Judge</spanType>
        </annotation>
        <annotation>
            <id>170</id>
            <start>1466</start>
            <end>1515</end>
            <spanType>Judge</spanType>
        </annotation>
        <annotation>
            <id>163</id>
            <start>983</start>
            <end>1034</end>
            <spanType>LO</spanType>
        </annotation>
        <annotation>
            <id>166</id>
            <start>1281</start>
            <end>1426</end>
            <spanType>LO</spanType>
        </annotation>
        <annotation>
            <id>168</id>
            <start>311</start>
            <end>407</end>
            <spanType>PM</spanType>
        </annotation>
        <annotation>
            <id>169</id>
            <start>234</start>
            <end>296</end>
            <spanType>PM</spanType>
        </annotation>
        <annotation>
            <id>167</id>
            <start>1437</start>
            <end>1463</end>
            <spanType>LO</spanType>
        </annotation>
        <annotation>
            <id>165</id>
            <start>1125</start>
            <end>1269</end>
            <spanType>LO</spanType>
        </annotation>
        <annotation>
            <id>164</id>
            <start>1045</start>
            <end>1123</end>
            <spanType>LO</spanType>
        </annotation>
    </annotations>
    <links>
        <link>
            <from>170</from>
            <to>165</to>
            <labels labelSetName="FeedBack">
                <label>GP</label>
            </labels>
        </link>
        <link>
            <from>166</from>
            <to>167</to>
            <labels labelSetName="Link_2">
                <label>support</label>
            </labels>
        </link>
        <link>
            <from>164</from>
            <to>163</to>
            <labels labelSetName="Link_2">
                <label>rebuttal</label>
            </labels>
        </link>
        <link>
            <from>163</from>
            <to>168</to>
            <labels labelSetName="Link_1">
                <label>support</label>
            </labels>
        </link>
        <link>
            <from>171</from>
            <to>165</to>
            <labels labelSetName="FeedBack">
                <label>BP</label>
            </labels>
        </link>
        <link>
            <from>165</from>
            <to>168</to>
            <labels labelSetName="Link_1">
                <label>undercut</label>
            </labels>
        </link>
        <link>
            <from>167</from>
            <to>169</to>
            <labels labelSetName="Link_1">
                <label>undercut</label>
            </labels>
        </link>
    </links>
</document>
