<?xml version="1.0" encoding="UTF-8" standalone="yes"?>
<document>
    <annotations>
        <annotation>
            <id>256</id>
            <start>1125</start>
            <end>1269</end>
            <spanType>LO</spanType>
        </annotation>
        <annotation>
            <id>257</id>
            <start>1281</start>
            <end>1426</end>
            <spanType>LO</spanType>
        </annotation>
        <annotation>
            <id>260</id>
            <start>1525</start>
            <end>1568</end>
            <spanType>Judge</spanType>
        </annotation>
        <annotation>
            <id>261</id>
            <start>218</start>
            <end>296</end>
            <spanType>PM</spanType>
        </annotation>
        <annotation>
            <id>255</id>
            <start>311</start>
            <end>407</end>
            <spanType>PM</spanType>
        </annotation>
        <annotation>
            <id>258</id>
            <start>1437</start>
            <end>1463</end>
            <spanType>LO</spanType>
        </annotation>
        <annotation>
            <id>259</id>
            <start>1466</start>
            <end>1515</end>
            <spanType>Judge</spanType>
        </annotation>
        <annotation>
            <id>254</id>
            <start>1045</start>
            <end>1123</end>
            <spanType>LO</spanType>
        </annotation>
    </annotations>
    <links>
        <link>
            <from>254</from>
            <to>256</to>
            <labels labelSetName="Link_2">
                <label>support</label>
            </labels>
        </link>
        <link>
            <from>259</from>
            <to>256</to>
            <labels labelSetName="FeedBack">
                <label>GP</label>
            </labels>
        </link>
        <link>
            <from>254</from>
            <to>255</to>
            <labels labelSetName="Link_1">
                <label>undercut</label>
            </labels>
        </link>
        <link>
            <from>260</from>
            <to>256</to>
            <labels labelSetName="FeedBack">
                <label>BP</label>
            </labels>
        </link>
        <link>
            <from>257</from>
            <to>258</to>
            <labels labelSetName="Link_2">
                <label>support</label>
            </labels>
        </link>
        <link>
            <from>258</from>
            <to>261</to>
            <labels labelSetName="Link_1">
                <label>undercut</label>
            </labels>
        </link>
    </links>
</document>
