<?xml version="1.0" encoding="UTF-8" standalone="yes"?>
<document>
    <annotations>
        <annotation>
            <id>120</id>
            <start>1538</start>
            <end>1580</end>
            <spanType>LO</spanType>
        </annotation>
        <annotation>
            <id>116</id>
            <start>1249</start>
            <end>1340</end>
            <spanType>LO</spanType>
        </annotation>
        <annotation>
            <id>122</id>
            <start>1635</start>
            <end>1687</end>
            <spanType>Judge</spanType>
        </annotation>
        <annotation>
            <id>115</id>
            <start>1167</start>
            <end>1243</end>
            <spanType>LO</spanType>
        </annotation>
        <annotation>
            <id>119</id>
            <start>1497</start>
            <end>1529</end>
            <spanType>LO</spanType>
        </annotation>
        <annotation>
            <id>117</id>
            <start>1342</start>
            <end>1394</end>
            <spanType>LO</spanType>
        </annotation>
        <annotation>
            <id>114</id>
            <start>1027</start>
            <end>1165</end>
            <spanType>LO</spanType>
        </annotation>
        <annotation>
            <id>112</id>
            <start>34</start>
            <end>62</end>
            <spanType>PM</spanType>
        </annotation>
        <annotation>
            <id>113</id>
            <start>234</start>
            <end>296</end>
            <spanType>PM</spanType>
        </annotation>
        <annotation>
            <id>118</id>
            <start>1399</start>
            <end>1492</end>
            <spanType>LO</spanType>
        </annotation>
        <annotation>
            <id>121</id>
            <start>1583</start>
            <end>1629</end>
            <spanType>Judge</spanType>
        </annotation>
    </annotations>
    <links>
        <link>
            <from>119</from>
            <to>118</to>
            <labels labelSetName="Link_2">
                <label>support</label>
            </labels>
        </link>
        <link>
            <from>116</from>
            <to>117</to>
            <labels labelSetName="Link_2">
                <label>support</label>
            </labels>
        </link>
        <link>
            <from>120</from>
            <to>112</to>
            <labels labelSetName="Link_1">
                <label>rebuttal</label>
            </labels>
        </link>
        <link>
            <from>117</from>
            <to>118</to>
            <labels labelSetName="Link_2">
                <label>support</label>
            </labels>
        </link>
        <link>
            <from>115</from>
            <to>114</to>
            <labels labelSetName="Link_2">
                <label>support</label>
            </labels>
        </link>
        <link>
            <from>121</from>
            <to>114</to>
            <labels labelSetName="FeedBack">
                <label>GP</label>
            </labels>
        </link>
        <link>
            <from>122</from>
            <to>118</to>
            <labels labelSetName="FeedBack">
                <label>BP</label>
            </labels>
        </link>
        <link>
            <from>114</from>
            <to>112</to>
            <labels labelSetName="Link_1">
                <label>rebuttal</label>
            </labels>
        </link>
        <link>
            <from>118</from>
            <to>113</to>
            <labels labelSetName="Link_1">
                <label>undercut</label>
            </labels>
        </link>
    </links>
</document>
