<?xml version="1.0" encoding="UTF-8" standalone="yes"?>
<document>
    <annotations>
        <annotation>
            <id>227</id>
            <start>234</start>
            <end>296</end>
            <spanType>PM</spanType>
        </annotation>
        <annotation>
            <id>223</id>
            <start>1399</start>
            <end>1441</end>
            <spanType>LO</spanType>
        </annotation>
        <annotation>
            <id>219</id>
            <start>1027</start>
            <end>1165</end>
            <spanType>LO</spanType>
        </annotation>
        <annotation>
            <id>224</id>
            <start>1447</start>
            <end>1492</end>
            <spanType>LO</spanType>
        </annotation>
        <annotation>
            <id>226</id>
            <start>1538</start>
            <end>1580</end>
            <spanType>LO</spanType>
        </annotation>
        <annotation>
            <id>229</id>
            <start>1635</start>
            <end>1687</end>
            <spanType>Judge</spanType>
        </annotation>
        <annotation>
            <id>225</id>
            <start>1497</start>
            <end>1529</end>
            <spanType>LO</spanType>
        </annotation>
        <annotation>
            <id>222</id>
            <start>1342</start>
            <end>1394</end>
            <spanType>LO</spanType>
        </annotation>
        <annotation>
            <id>220</id>
            <start>1167</start>
            <end>1243</end>
            <spanType>LO</spanType>
        </annotation>
        <annotation>
            <id>228</id>
            <start>1583</start>
            <end>1629</end>
            <spanType>Judge</spanType>
        </annotation>
        <annotation>
            <id>221</id>
            <start>1249</start>
            <end>1340</end>
            <spanType>LO</spanType>
        </annotation>
    </annotations>
    <links>
        <link>
            <from>220</from>
            <to>223</to>
            <labels labelSetName="Link_2">
                <label>support</label>
            </labels>
        </link>
        <link>
            <from>224</from>
            <to>223</to>
            <labels labelSetName="Link_2">
                <label>support</label>
            </labels>
        </link>
        <link>
            <from>225</from>
            <to>224</to>
            <labels labelSetName="Link_2">
                <label>support</label>
            </labels>
        </link>
        <link>
            <from>221</from>
            <to>222</to>
            <labels labelSetName="Link_2">
                <label>support</label>
            </labels>
        </link>
        <link>
            <from>224</from>
            <to>227</to>
            <labels labelSetName="Link_1">
                <label>undercut</label>
            </labels>
        </link>
        <link>
            <from>219</from>
            <to>220</to>
            <labels labelSetName="Link_2">
                <label>support</label>
            </labels>
        </link>
        <link>
            <from>226</from>
            <to>224</to>
            <labels labelSetName="Link_2">
                <label>support</label>
            </labels>
        </link>
        <link>
            <from>228</from>
            <to>219</to>
            <labels labelSetName="FeedBack">
                <label>GP</label>
            </labels>
        </link>
        <link>
            <from>229</from>
            <to>224</to>
            <labels labelSetName="FeedBack">
                <label>BP</label>
            </labels>
        </link>
        <link>
            <from>222</from>
            <to>224</to>
            <labels labelSetName="Link_2">
                <label>support</label>
            </labels>
        </link>
    </links>
</document>
