<?xml version="1.0" encoding="UTF-8" standalone="yes"?>
<document>
    <annotations>
        <annotation>
            <id>150</id>
            <start>993</start>
            <end>1042</end>
            <spanType>LO</spanType>
        </annotation>
        <annotation>
            <id>162</id>
            <start>421</start>
            <end>509</end>
            <spanType>PM</spanType>
        </annotation>
        <annotation>
            <id>151</id>
            <start>1053</start>
            <end>1107</end>
            <spanType>LO</spanType>
        </annotation>
        <annotation>
            <id>159</id>
            <start>1520</start>
            <end>1591</end>
            <spanType>Judge</spanType>
        </annotation>
        <annotation>
            <id>158</id>
            <start>1484</start>
            <end>1518</end>
            <spanType>Judge</spanType>
        </annotation>
        <annotation>
            <id>154</id>
            <start>1227</start>
            <end>1275</end>
            <spanType>LO</spanType>
        </annotation>
        <annotation>
            <id>157</id>
            <start>1438</start>
            <end>1481</end>
            <spanType>LO</spanType>
        </annotation>
        <annotation>
            <id>156</id>
            <start>1342</start>
            <end>1369</end>
            <spanType>LO</spanType>
        </annotation>
        <annotation>
            <id>152</id>
            <start>1109</start>
            <end>1171</end>
            <spanType>LO</spanType>
        </annotation>
        <annotation>
            <id>160</id>
            <start>1374</start>
            <end>1436</end>
            <spanType>LO</spanType>
        </annotation>
        <annotation>
            <id>153</id>
            <start>1173</start>
            <end>1225</end>
            <spanType>LO</spanType>
        </annotation>
        <annotation>
            <id>161</id>
            <start>894</start>
            <end>955</end>
            <spanType>LO</spanType>
        </annotation>
        <annotation>
            <id>149</id>
            <start>965</start>
            <end>985</end>
            <spanType>LO</spanType>
        </annotation>
        <annotation>
            <id>251</id>
            <start>34</start>
            <end>62</end>
            <spanType>PM</spanType>
        </annotation>
        <annotation>
            <id>155</id>
            <start>1277</start>
            <end>1340</end>
            <spanType>LO</spanType>
        </annotation>
    </annotations>
    <links>
        <link>
            <from>158</from>
            <to>160</to>
            <labels labelSetName="FeedBack">
                <label>GP</label>
            </labels>
        </link>
        <link>
            <from>155</from>
            <to>154</to>
            <labels labelSetName="Link_2">
                <label>rebuttal</label>
            </labels>
        </link>
        <link>
            <from>152</from>
            <to>151</to>
            <labels labelSetName="Link_2">
                <label>support</label>
            </labels>
        </link>
        <link>
            <from>149</from>
            <to>161</to>
            <labels labelSetName="Link_2">
                <label>support</label>
            </labels>
        </link>
        <link>
            <from>161</from>
            <to>162</to>
            <labels labelSetName="Link_1">
                <label>support</label>
            </labels>
        </link>
        <link>
            <from>156</from>
            <to>160</to>
            <labels labelSetName="Link_2">
                <label>support</label>
            </labels>
        </link>
        <link>
            <from>150</from>
            <to>162</to>
            <labels labelSetName="Link_1">
                <label>support</label>
            </labels>
        </link>
        <link>
            <from>157</from>
            <to>251</to>
            <labels labelSetName="Link_1">
                <label>rebuttal</label>
            </labels>
        </link>
        <link>
            <from>153</from>
            <to>154</to>
            <labels labelSetName="Link_2">
                <label>support</label>
            </labels>
        </link>
        <link>
            <from>151</from>
            <to>153</to>
            <labels labelSetName="Link_2">
                <label>support</label>
            </labels>
        </link>
        <link>
            <from>160</from>
            <to>157</to>
            <labels labelSetName="Link_2">
                <label>support</label>
            </labels>
        </link>
        <link>
            <from>151</from>
            <to>161</to>
            <labels labelSetName="Link_2">
                <label>rebuttal</label>
            </labels>
        </link>
        <link>
            <from>159</from>
            <to>151</to>
            <labels labelSetName="FeedBack">
                <label>BP</label>
            </labels>
        </link>
    </links>
</document>
