<?xml version="1.0" encoding="UTF-8" standalone="yes"?>
<document>
    <annotations>
        <annotation>
            <id>235</id>
            <start>1633</start>
            <end>1714</end>
            <spanType>LO</spanType>
        </annotation>
        <annotation>
            <id>233</id>
            <start>1512</start>
            <end>1564</end>
            <spanType>LO</spanType>
        </annotation>
        <annotation>
            <id>234</id>
            <start>1582</start>
            <end>1627</end>
            <spanType>LO</spanType>
        </annotation>
        <annotation>
            <id>239</id>
            <start>1761</start>
            <end>1794</end>
            <spanType>Judge</spanType>
        </annotation>
        <annotation>
            <id>230</id>
            <start>1344</start>
            <end>1389</end>
            <spanType>LO</spanType>
        </annotation>
        <annotation>
            <id>241</id>
            <start>311</start>
            <end>407</end>
            <spanType>PM</spanType>
        </annotation>
        <annotation>
            <id>240</id>
            <start>1804</start>
            <end>1848</end>
            <spanType>Judge</spanType>
        </annotation>
        <annotation>
            <id>231</id>
            <start>1391</start>
            <end>1497</end>
            <spanType>LO</spanType>
        </annotation>
        <annotation>
            <id>238</id>
            <start>742</start>
            <end>805</end>
            <spanType>PM</spanType>
        </annotation>
        <annotation>
            <id>236</id>
            <start>1716</start>
            <end>1758</end>
            <spanType>LO</spanType>
        </annotation>
    </annotations>
    <links>
        <link>
            <from>234</from>
            <to>238</to>
            <labels labelSetName="Link_1">
                <label>support</label>
            </labels>
        </link>
        <link>
            <from>231</from>
            <to>230</to>
            <labels labelSetName="Link_2">
                <label>support</label>
            </labels>
        </link>
        <link>
            <from>230</from>
            <to>233</to>
            <labels labelSetName="Link_2">
                <label>support</label>
            </labels>
        </link>
        <link>
            <from>230</from>
            <to>241</to>
            <labels labelSetName="Link_1">
                <label>undercut</label>
            </labels>
        </link>
        <link>
            <from>235</from>
            <to>236</to>
            <labels labelSetName="Link_2">
                <label>support</label>
            </labels>
        </link>
        <link>
            <from>235</from>
            <to>234</to>
            <labels labelSetName="Link_2">
                <label>undercut</label>
            </labels>
        </link>
        <link>
            <from>239</from>
            <to>230</to>
            <labels labelSetName="FeedBack">
                <label>GP</label>
            </labels>
        </link>
        <link>
            <from>240</from>
            <to>235</to>
            <labels labelSetName="FeedBack">
                <label>BP</label>
            </labels>
        </link>
        <link>
            <from>236</from>
            <to>238</to>
            <labels labelSetName="Link_1">
                <label>undercut</label>
            </labels>
        </link>
    </links>
</document>
