<?xml version="1.0" encoding="UTF-8" standalone="yes"?>
<document>
    <annotations>
        <annotation>
            <id>123</id>
            <start>234</start>
            <end>296</end>
            <spanType>PM</spanType>
        </annotation>
        <annotation>
            <id>125</id>
            <start>1344</start>
            <end>1389</end>
            <spanType>LO</spanType>
        </annotation>
        <annotation>
            <id>127</id>
            <start>1512</start>
            <end>1564</end>
            <spanType>LO</spanType>
        </annotation>
        <annotation>
            <id>129</id>
            <start>1633</start>
            <end>1714</end>
            <spanType>LO</spanType>
        </annotation>
        <annotation>
            <id>132</id>
            <start>1804</start>
            <end>1848</end>
            <spanType>Judge</spanType>
        </annotation>
        <annotation>
            <id>131</id>
            <start>1761</start>
            <end>1794</end>
            <spanType>Judge</spanType>
        </annotation>
        <annotation>
            <id>128</id>
            <start>1582</start>
            <end>1627</end>
            <spanType>LO</spanType>
        </annotation>
        <annotation>
            <id>130</id>
            <start>1716</start>
            <end>1758</end>
            <spanType>LO</spanType>
        </annotation>
        <annotation>
            <id>126</id>
            <start>1391</start>
            <end>1497</end>
            <spanType>LO</spanType>
        </annotation>
        <annotation>
            <id>124</id>
            <start>311</start>
            <end>407</end>
            <spanType>PM</spanType>
        </annotation>
    </annotations>
    <links>
        <link>
            <from>132</from>
            <to>129</to>
            <labels labelSetName="FeedBack">
                <label>BP</label>
            </labels>
        </link>
        <link>
            <from>129</from>
            <to>128</to>
            <labels labelSetName="Link_2">
                <label>undercut</label>
            </labels>
        </link>
        <link>
            <from>130</from>
            <to>123</to>
            <labels labelSetName="Link_1">
                <label>undercut</label>
            </labels>
        </link>
        <link>
            <from>127</from>
            <to>125</to>
            <labels labelSetName="Link_2">
                <label>support</label>
            </labels>
        </link>
        <link>
            <from>131</from>
            <to>125</to>
            <labels labelSetName="FeedBack">
                <label>GP</label>
            </labels>
        </link>
        <link>
            <from>126</from>
            <to>125</to>
            <labels labelSetName="Link_2">
                <label>support</label>
            </labels>
        </link>
        <link>
            <from>128</from>
            <to>130</to>
            <labels labelSetName="Link_2">
                <label>rebuttal</label>
            </labels>
        </link>
        <link>
            <from>125</from>
            <to>124</to>
            <labels labelSetName="Link_1">
                <label>rebuttal</label>
            </labels>
        </link>
    </links>
</document>
