<?xml version="1.0" encoding="UTF-8" standalone="yes"?>
<document>
    <annotations>
        <annotation>
            <id>264</id>
            <start>1144</start>
            <end>1202</end>
            <spanType>LO</spanType>
        </annotation>
        <annotation>
            <id>263</id>
            <start>1061</start>
            <end>1137</end>
            <spanType>LO</spanType>
        </annotation>
        <annotation>
            <id>262</id>
            <start>993</start>
            <end>1059</end>
            <spanType>LO</spanType>
        </annotation>
    </annotations>
    <links/>
</document>
