<?xml version="1.0" encoding="UTF-8" standalone="yes"?>
<document>
    <annotations>
        <annotation>
            <id>176</id>
            <start>935</start>
            <end>954</end>
            <spanType>LO</spanType>
        </annotation>
        <annotation>
            <id>185</id>
            <start>1450</start>
            <end>1552</end>
            <spanType>LO</spanType>
        </annotation>
        <annotation>
            <id>182</id>
            <start>1281</start>
            <end>1323</end>
            <spanType>LO</spanType>
        </annotation>
        <annotation>
            <id>177</id>
            <start>956</start>
            <end>991</end>
            <spanType>LO</spanType>
        </annotation>
        <annotation>
            <id>192</id>
            <start>1764</start>
            <end>1787</end>
            <spanType>Judge</spanType>
        </annotation>
        <annotation>
            <id>186</id>
            <start>1554</start>
            <end>1660</end>
            <spanType>LO</spanType>
        </annotation>
        <annotation>
            <id>191</id>
            <start>1098</start>
            <end>1137</end>
            <spanType>LO</spanType>
        </annotation>
        <annotation>
            <id>183</id>
            <start>1325</start>
            <end>1391</end>
            <spanType>LO</spanType>
        </annotation>
        <annotation>
            <id>194</id>
            <start>311</start>
            <end>407</end>
            <spanType>PM</spanType>
        </annotation>
        <annotation>
            <id>187</id>
            <start>1665</start>
            <end>1713</end>
            <spanType>LO</spanType>
        </annotation>
        <annotation>
            <id>188</id>
            <start>1716</start>
            <end>1760</end>
            <spanType>Judge</spanType>
        </annotation>
        <annotation>
            <id>190</id>
            <start>640</start>
            <end>664</end>
            <spanType>PM</spanType>
        </annotation>
        <annotation>
            <id>189</id>
            <start>1789</start>
            <end>1863</end>
            <spanType>Judge</spanType>
        </annotation>
        <annotation>
            <id>193</id>
            <start>234</start>
            <end>296</end>
            <spanType>PM</spanType>
        </annotation>
        <annotation>
            <id>181</id>
            <start>1215</start>
            <end>1276</end>
            <spanType>LO</spanType>
        </annotation>
        <annotation>
            <id>184</id>
            <start>1393</start>
            <end>1448</end>
            <spanType>LO</spanType>
        </annotation>
        <annotation>
            <id>179</id>
            <start>1061</start>
            <end>1094</end>
            <spanType>LO</spanType>
        </annotation>
        <annotation>
            <id>178</id>
            <start>993</start>
            <end>1059</end>
            <spanType>LO</spanType>
        </annotation>
        <annotation>
            <id>180</id>
            <start>1144</start>
            <end>1202</end>
            <spanType>LO</spanType>
        </annotation>
    </annotations>
    <links>
        <link>
            <from>185</from>
            <to>186</to>
            <labels labelSetName="Link_2">
                <label>support</label>
            </labels>
        </link>
        <link>
            <from>183</from>
            <to>185</to>
            <labels labelSetName="Link_2">
                <label>support</label>
            </labels>
        </link>
        <link>
            <from>178</from>
            <to>194</to>
            <labels labelSetName="Link_1">
                <label>undercut</label>
            </labels>
        </link>
        <link>
            <from>188</from>
            <to>185</to>
            <labels labelSetName="FeedBack">
                <label>GP</label>
            </labels>
        </link>
        <link>
            <from>182</from>
            <to>190</to>
            <labels labelSetName="Link_1">
                <label>rebuttal</label>
            </labels>
        </link>
        <link>
            <from>179</from>
            <to>191</to>
            <labels labelSetName="Link_2">
                <label>support</label>
            </labels>
        </link>
        <link>
            <from>189</from>
            <to>191</to>
            <labels labelSetName="FeedBack">
                <label>BP</label>
            </labels>
        </link>
        <link>
            <from>177</from>
            <to>176</to>
            <labels labelSetName="Link_2">
                <label>rebuttal</label>
            </labels>
        </link>
        <link>
            <from>176</from>
            <to>194</to>
            <labels labelSetName="Link_1">
                <label>support</label>
            </labels>
        </link>
        <link>
            <from>184</from>
            <to>183</to>
            <labels labelSetName="Link_2">
                <label>support</label>
            </labels>
        </link>
        <link>
            <from>187</from>
            <to>193</to>
            <labels labelSetName="Link_1">
                <label>undercut</label>
            </labels>
        </link>
        <link>
            <from>182</from>
            <to>181</to>
        </link>
        <link>
            <from>183</from>
            <to>187</to>
            <labels labelSetName="Link_2">
                <label>support</label>
            </labels>
        </link>
        <link>
            <from>181</from>
            <to>190</to>
            <labels labelSetName="Link_1">
                <label>support</label>
            </labels>
        </link>
    </links>
</document>
