<?xml version="1.0" encoding="UTF-8" standalone="yes"?>
<document>
    <annotations>
        <annotation>
            <id>92</id>
            <start>1125</start>
            <end>1162</end>
            <spanType>LO</spanType>
        </annotation>
        <annotation>
            <id>99</id>
            <start>1546</start>
            <end>1666</end>
            <spanType>LO</spanType>
        </annotation>
        <annotation>
            <id>90</id>
            <start>957</start>
            <end>1084</end>
            <spanType>LO</spanType>
        </annotation>
        <annotation>
            <id>97</id>
            <start>1443</start>
            <end>1495</end>
            <spanType>LO</spanType>
        </annotation>
        <annotation>
            <id>96</id>
            <start>1340</start>
            <end>1435</end>
            <spanType>LO</spanType>
        </annotation>
        <annotation>
            <id>91</id>
            <start>1100</start>
            <end>1123</end>
            <spanType>LO</spanType>
        </annotation>
        <annotation>
            <id>93</id>
            <start>1170</start>
            <end>1206</end>
            <spanType>LO</spanType>
        </annotation>
        <annotation>
            <id>98</id>
            <start>1497</start>
            <end>1540</end>
            <spanType>LO</spanType>
        </annotation>
        <annotation>
            <id>88</id>
            <start>34</start>
            <end>62</end>
            <spanType>PM</spanType>
        </annotation>
        <annotation>
            <id>94</id>
            <start>1219</start>
            <end>1268</end>
            <spanType>LO</spanType>
        </annotation>
        <annotation>
            <id>101</id>
            <start>1774</start>
            <end>1817</end>
            <spanType>Judge</spanType>
        </annotation>
        <annotation>
            <id>100</id>
            <start>1744</start>
            <end>1772</end>
            <spanType>Judge</spanType>
        </annotation>
        <annotation>
            <id>89</id>
            <start>234</start>
            <end>296</end>
            <spanType>PM</spanType>
        </annotation>
        <annotation>
            <id>95</id>
            <start>1279</start>
            <end>1338</end>
            <spanType>LO</spanType>
        </annotation>
    </annotations>
    <links>
        <link>
            <from>97</from>
            <to>88</to>
            <labels labelSetName="Link_1">
                <label>rebuttal</label>
            </labels>
        </link>
        <link>
            <from>101</from>
            <to>90</to>
            <labels labelSetName="FeedBack">
                <label>BP</label>
            </labels>
        </link>
        <link>
            <from>98</from>
            <to>97</to>
            <labels labelSetName="Link_2">
                <label>rebuttal</label>
            </labels>
        </link>
        <link>
            <from>90</from>
            <to>89</to>
            <labels labelSetName="Link_1">
                <label>rebuttal</label>
            </labels>
        </link>
        <link>
            <from>95</from>
            <to>94</to>
            <labels labelSetName="Link_2">
                <label>rebuttal</label>
            </labels>
        </link>
        <link>
            <from>92</from>
            <to>90</to>
            <labels labelSetName="Link_2">
                <label>support</label>
            </labels>
        </link>
        <link>
            <from>91</from>
            <to>90</to>
            <labels labelSetName="Link_2">
                <label>support</label>
            </labels>
        </link>
        <link>
            <from>96</from>
            <to>97</to>
            <labels labelSetName="Link_2">
                <label>support</label>
            </labels>
        </link>
        <link>
            <from>100</from>
            <to>91</to>
            <labels labelSetName="FeedBack">
                <label>GP</label>
            </labels>
        </link>
        <link>
            <from>90</from>
            <to>93</to>
            <labels labelSetName="Link_2">
                <label>support</label>
            </labels>
        </link>
        <link>
            <from>99</from>
            <to>98</to>
            <labels labelSetName="Link_2">
                <label>rebuttal</label>
            </labels>
        </link>
        <link>
            <from>94</from>
            <to>93</to>
            <labels labelSetName="Link_2">
                <label>rebuttal</label>
            </labels>
        </link>
        <link>
            <from>96</from>
            <to>93</to>
            <labels labelSetName="Link_2">
                <label>support</label>
            </labels>
        </link>
    </links>
</document>
