<?xml version="1.0" encoding="UTF-8" standalone="yes"?>
<document>
    <annotations>
        <annotation>
            <id>108</id>
            <start>1374</start>
            <end>1412</end>
            <spanType>LO</spanType>
        </annotation>
        <annotation>
            <id>106</id>
            <start>1220</start>
            <end>1304</end>
            <spanType>LO</spanType>
        </annotation>
        <annotation>
            <id>104</id>
            <start>1059</start>
            <end>1128</end>
            <spanType>LO</spanType>
        </annotation>
        <annotation>
            <id>107</id>
            <start>1306</start>
            <end>1356</end>
            <spanType>LO</spanType>
        </annotation>
        <annotation>
            <id>105</id>
            <start>1130</start>
            <end>1205</end>
            <spanType>LO</spanType>
        </annotation>
        <annotation>
            <id>110</id>
            <start>1503</start>
            <end>1539</end>
            <spanType>Judge</spanType>
        </annotation>
        <annotation>
            <id>109</id>
            <start>1460</start>
            <end>1496</end>
            <spanType>Judge</spanType>
        </annotation>
        <annotation>
            <id>103</id>
            <start>981</start>
            <end>1054</end>
            <spanType>LO</spanType>
        </annotation>
        <annotation>
            <id>111</id>
            <start>679</start>
            <end>805</end>
            <spanType>PM</spanType>
        </annotation>
        <annotation>
            <id>102</id>
            <start>234</start>
            <end>296</end>
            <spanType>PM</spanType>
        </annotation>
    </annotations>
    <links>
        <link>
            <from>105</from>
            <to>102</to>
            <labels labelSetName="Link_1">
                <label>undercut</label>
            </labels>
        </link>
        <link>
            <from>110</from>
            <to>105</to>
            <labels labelSetName="FeedBack">
                <label>BP</label>
            </labels>
        </link>
        <link>
            <from>103</from>
            <to>104</to>
            <labels labelSetName="Link_2">
                <label>support</label>
            </labels>
        </link>
        <link>
            <from>109</from>
            <to>105</to>
            <labels labelSetName="FeedBack">
                <label>GP-edge</label>
            </labels>
        </link>
        <link>
            <from>104</from>
            <to>102</to>
            <labels labelSetName="Link_1">
                <label>undercut</label>
            </labels>
        </link>
        <link>
            <from>106</from>
            <to>105</to>
            <labels labelSetName="Link_2">
                <label>support</label>
            </labels>
        </link>
        <link>
            <from>108</from>
            <to>111</to>
            <labels labelSetName="Link_1">
                <label>rebuttal</label>
            </labels>
        </link>
        <link>
            <from>106</from>
            <to>107</to>
            <labels labelSetName="Link_2">
                <label>support</label>
            </labels>
        </link>
        <link>
            <from>105</from>
            <to>108</to>
            <labels labelSetName="Link_2">
                <label>support</label>
            </labels>
        </link>
    </links>
</document>
